{"cameraMode":{"drawMode":0,"name":"Shaded","section":"Shading Mode"},"sceneLighting":true,"audioPlay":false,"sceneViewState":{"m_AlwaysRefresh":false,"showFog":true,"showSkybox":true,"showFlares":true,"showImageEffects":true,"showParticleSystems":true,"showVisualEffectGraphs":true,"m_FxEnabled":true},"in2DMode":false,"pivot":{"x":0.30707424879074099,"y":1.3711020946502686,"z":0.05491352081298828},"rotation":{"x":-0.11954622715711594,"y":0.3662737011909485,"z":-0.04751921817660332,"w":-0.9215869307518005},"size":2.8774261474609377,"orthographic":true}